Comment,Sentiment,Sentiment_Type
thank made easi grab,0,Neutral
tri start day thank alex,0,Neutral
right want career shift,0.285714286,Positive
hello alex couldnt find file use start sql tutori github repositori parksandrecreationsql,0,Neutral
hi alex thank bootcamp finish sql part great stuff hope still relev cant wait learn excel tableau pythonhi anyon idea certif like powerbi pl certif likewis want know sql excel python,0.8,Positive
thankyou much alex,0.2,Positive
alextheanalyst would like ask scenario appli job data analyst im pharmaci graduat,0,Neutral
learn data analysi channel platform well hw cover job requir bachelor master degre analhsitc,0,Neutral
statist etc pleas shed light expereinc regard,0.4,Positive
look colleagu advanc field data scienc someon exchang idea learn togeth,0,Neutral
hello github find park rec file thank,0,Neutral
good buy data analyst cours udemi boom page come didnt see channel,0.7,Positive
begin year ive regist analyst builder definit buy lifetim access option thank ever much alex,0.2,Positive
thank much alex creat ive start googl data analyt program other coursera switch free bootcamp ,0.158333333,Positive
handsonstraightforward piec multipl cours togeth ger rang skill think need take coursera cours mention video free bootcamp would need,0.4,Positive
alex deserv someth assist,0,Neutral
covid analysi global number wasnt total case total death total case bigger also possibl statement sql querythank hope hear,0,Neutral
thank teach us complet play list along project elig verifi certif requir,0,Neutral
thank much alex,0.2,Positive
thank much,0.2,Positive
thank much amaz job,0.2,Positive
hello highli consid boot camp would like know program would need download much get,0.2,Positive
start alreadi get new laptop want prepar cost,0.136363636,Positive
absolut wonder boot camp thank make content also think sql problem analyst builder fun im abl hard problem thank much,0.069444444,Positive
hi alex im problem download exact mysql system pleas need help thank,0.25,Positive
hello alex say much appreci great thing us bootcamp pure gold thank million time greet belgrad serbia,0.404761905,Positive
certif free,0.4,Positive
amaz what differ playlist cours analystbuild tri figur begin,0,Neutral
pay back wonder bootcamp youv creat us free dear alex,0.2,Positive
alex u releas power bi full cours websit,0.35,Positive
thank master alex im plan shift career engin data analyt,0,Neutral
discoveri guy alreadi spend k bootcamp bittersweet well live learn,0.136363636,Positive
wow cool dont know alex analyst data analysi bootcamp work thank alex im win cheer,0.416666667,Positive
hello alex pleas download data use analysi ought practic alongsid,0,Neutral
thank,0,Neutral
im new interest learn data analysi beginn level hope welcom,0.136363636,Positive
thank much alex give free im excit learn friend good luck us futur data analyst,0.433333333,Positive
ive unemploy coupl month due knee injuri struggl find job im passion might,-0.125,Negative
 im go devot next two week finish cours land job wish luck thank,0,Neutral
im search learn data analyst free googl brought thank alex god bless,0.4,Positive
bless good sir tech alway heart thank free resourc someon whose hungri knowledg path,0.55,Positive
sir one best homosapien aliv planet earth look data analyst bootcamp playlist gem peopl like hunger learn cant afford learn afford laptop use sister worn laptop work fine thank amaz thank,0.708333333,Positive
thank alex,0,Neutral
thank much,0.2,Positive
alex bless let talk fluent need write book came across hope complet learn journey,0,Neutral
super special thank,0.345238095,Positive
thank,0,Neutral
happi discov channel bootcamp life saver thank free cours may god bless,0.4,Positive
hello alex im brazil id like know boot camp ideal suppli chain analyt,0.9,Positive
cours enough get internship,0,Neutral
thank much alex gift tri best complet stay bless,0.6,Positive
hi sir new student wan na say even aint start yet cours want thank kind video,0.178787879,Positive
man gem thank creat rout peopl problem decid ill back year,-0.25,Negative
seem like sql video chang mysql one learn,0,Neutral
thank saint alex your hero,0,Neutral
kaleab ethiopia data realm youv guid star wisdom shine bright near far grate mentorship beyond compar thank knowledg gracious share god bless,0.3,Positive
come im come across channel bless human,0,Neutral
amaz cuz encount cours charg teach select statement sql,0,Neutral
could put short piec final url hidden spot alway differ time video,-0.055555556,Negative
sirwher get registir cours,0,Neutral
bunch cours pile togeth haha yeah good joke,0.45,Positive
start master data analyt septemb bet get go bootcamp thank alex awesom video,0,Neutral
thank much alex help god bless question though start boot camp need certif like googl certif coursera anyth like background im tri say data analyst need intro start boot camp one,0.2,Positive
thank much free materi enough word express grate feel get promis,0.2,Positive
thank valuabl content great hardwork,0.8,Positive
hi thank much current look switch data analyt straightforward help look forward learn content,0.1875,Positive
thank,0,Neutral
gold alex start journey today feel lucki come across playlist,0,Neutral
thank much video sir data analyst video,0.2,Positive
start new journey sincer love thank alex,0.318181818,Positive
thankyou much great cours,0.8,Positive
product alex recommend everi thank alex,0,Neutral
great content look like walter white,0.4,Positive
im appli new posit work although learn job feel like god answer prayer hadnt even made yet find thank hard work,-0.077651515,Negative
today start today ill tri consist learn cours updat progress,-0.5,Negative
bege today want remot job travel around,0,Neutral
hero look good inform weekend came across thank sir gentleman scholar,0.7,Positive
im grate alex think get cours right free god bless,0.342857143,Positive
download whole video find difficult watch refus play,-0.15,Negative
help lot thank,0,Neutral
join bootcamp today hope complet improv career thank much enlighten us bootcamp,0.2,Positive
start journey thank alex put togeth,0,Neutral
cant sleep wothout watch tutotri love thank alex,0.5,Positive
anyon march opinion seri whether found use,0,Neutral
see notepad serious write stuff mind blown never took earlier thank free content grate,0.022222222,Positive
appli internship learnt bootcamp,0,Neutral
im shitti trade job injur mani time want continu late take year degre start career econom data analysi,-0.3,Negative
thank free boot campi begin todayi believ begin career data analyst,0.4,Positive
great thank alex,0.8,Positive
thank good bless,0.7,Positive
hey man thank share free bootcamp mean lot learn,0.04375,Positive
omg see cant afford grate,0,Neutral
fininsh watch cours would give letter say finish cours,0,Neutral
thank alex great job,0.8,Positive
thank save,0,Neutral
im start ill come back month,-0.25,Negative
good think peopl dont know earn money automat youtub peopl watch video full length fyi noth neg,0.525,Positive
thank alex start data analyst journey today thru page udemi beginn guid,0,Neutral
thank youfirst time ever skip ad,0,Neutral
thank much free gift god bless real good journey start see end certif,0.7,Positive
start hope ill finish till end begin knowledg databas thank incom video,-0.5,Negative
start sql got frustrat point rememb alex analyst alway recommend newbi im motiv continu thnak much,0.2,Positive
connect sql ssm help,0,Neutral
hope get data analyt experi recent found interest came highli recommend cant wait get start,0,Neutral
thank much,0.2,Positive
thank pray free cours amaz,0.4,Positive
good person thank sir,0.7,Positive
alex alway fear math statist work contract manag manag agenc receiv fund school right work mba organiz manag want concentr data analyt think would help career well help better understand inform gather agenc peopl serv need class data analyt start august look someth would introduc topic help confront fear well succeed thank offer look forward start today rock,0.392857143,Positive
somehow got exactli need,0,Neutral
hi start journey today scratch field new hope understand content becom good data analyst,0.418181818,Positive
start today alreadi excit,0,Neutral
hi alex thank much free inform train video becom data analyst im learn lot help way chang career becom da discov stepbystep easi follow video usual find bit piec sql excel power bi etc youtub wschool etc though alreadi finish onlin cours data scienc ml powerbi udemi still feel lot learn thank much power channel,0.116666667,Positive
im soo happi found thank soo much mr alex,0.2,Positive
wait certif,0,Neutral
alex thank put togeth awesom seri mention free structur organis way greatli appreci thank,0.4,Positive
hello sir came across ill start tomorrow wish luck,-0.5,Negative
thank woah saw thank much,0.2,Positive
would nice one guy promot data analysi actual project start finish use tool recommend everi one learn road map could see everyth work need start learn step dont realli know come togeth im sure would also boost watch time follow like share basic boost channel,0.275,Positive
thank mani bless,0,Neutral
god tier thank go help switch career godbless,0,Neutral
thank start journey,0,Neutral
thank much alex get role data analyt eventu want go data scienc great way get feet wet get entri level posit start new career path happi help broken basic need knowledg get field excit today day,0.106060606,Positive
start next week wish luck,0,Neutral
journey begin thank sir,0,Neutral
pleas downlod project file issu,0,Neutral
realli grate wonder playlist thank much,0.2,Positive
your incred share passion skill other much gratitud,0.0375,Positive
big thank god bless effort,0,Neutral
today im start bootcamp,0,Neutral
thank much,0.2,Positive
thank sir alex great opportun god crown effort,0.8,Positive
begin today believ begin success,0.3,Positive
thank lot,0,Neutral
im studi data analysi hope get better learn thank bootcamp im brazil greet,0.5,Positive
thank im start train immedi,0,Neutral
excit learn thank much make video free alex amaz,0.3,Positive
worri skill ive complet year bachelor degre softwar engin want learn data analyst lot paid cours nobodi guid watch video im start playlist sinc today hope ill understand make skill better,0,Neutral
financi data analysi help need thank,0,Neutral
found playlist defin tri let know goe thank individu want learn without go debt,0,Neutral
hi prior knowledg need commenc data analyt tx advanc,0,Neutral
thank,0,Neutral
start new year bootcamp help start carrier thank alex,0.136363636,Positive
fellow chess lover,0,Neutral
thank,0,Neutral
amaz could found,0,Neutral
thank,0,Neutral
thank lot realli need mentor like,0,Neutral
good sir get start journey thank,0.7,Positive
long take complet whole bootcamp,0.075,Positive
hi alex im new land job relat data analyt chang updat creat complementari cours relat machin learn ai usag advanc thank help materi,0.136363636,Positive
revolution data manag data clean transform modul excel user say goodby endless data clean transform hour latest innov set chang handl data choos modul effortless data clean transform messi data clean action info click advanc featur fix miss data knn regress imput plu tackl typo format effortlessli rapid process handl huge data volum second key highlight fix miss data multipl method includ mean median mode correct format type adjust date format correct boolean valu elimin duplic remov partial exact duplic eas solv typo autocorrect case issu remov extra space univers compat work erpnext system versatil userfriendli transform data achiev second use take day modul partner data integr effici interest contact instal info upcom modul dataclean datatransform excel erpnext innov businessintellig datamanag,0.145277778,Positive
thank help,0,Neutral
thank alex overwhelm inform beco data analyst nowon follow bootcamp sure next data analyst,0.25,Positive
happi found video thank much alex dont job right also dont much money buy onlin cours made free free bootcamp certif that kind thank sooo much,0.326530612,Positive
hi alex im younu bangladesh realli search data analyst cours dont find today see youtub channel think great opportun thank lot,0.8,Positive
alex best,1,Positive
perfect select chapter mayb r tutori would nice thank,0.8,Positive
amaz start journey thank free school,0.4,Positive
thank much make alex share knowledg learn free wonder im thank resourc super excit learn god bless,0.311111111,Positive
love channel thank much mralex freberg,0.35,Positive
hi alex work industri dream young reason choos anoth proffect want come back subject diffrent work experi life plan learn data analyst hope may get work futur sure never heard never learn person actual proffect use free bootcamp learn thank,0.138888889,Positive
hi alex first day gone research land thank alex let start,0.25,Positive
want say thank much amaz video help secur job thank,0.2,Positive
thank great struggl,0.8,Positive
exactli need right,0.285714286,Positive
thank allah made wonder peopl like also learn free thank u,0.4,Positive
thank bootcamp enough get job need learn extra topic,0,Neutral
thank alex much apprici start journey,0.2,Positive
hi alex thank much bootcamp worri look everywher somewher start career data analyt want ask averag mani time usual take finish cours greet albania,-0.025,Negative
gawd thank truli bless,0,Neutral
thank much boot camp alex still though,0.2,Positive
practic say anyon finish bootcamp master good go data analyst job still need take cours that advanc,0.7,Positive
thank im find job data analyst,0,Neutral
thank u soo much im interest becom data analyst scientist came across youtub im go follow bootcamp thank u much,0.2,Positive
thank alex,0,Neutral
thank give newbi much need map warm regard,0.4,Positive
alex tutori base instal sql server manag studio window base system altern us work mac would love abl instal mysql follow along manag studio suitabl mac thought possibl get window base system tight advic regard mac setup highli appreci,-0.415714286,Negative
hello alex analyst thank preciou guid time would pleas tell etl project channel learn,0,Neutral
thank much cant thank enough,0.1,Positive
cant believ ive found today path becom data analyst profession person free boothcamp thank much put hard work help us fellow futur data analystsim sure go video let disappoint,0.202083333,Positive
amaz im tri transit data engin data analyst like role data analyst better im luck find job lack work experi specif tool great put resum learn applic skill well thank much alex,0.5,Positive
thank soo much guy well watch scale great height im next want data analyst march,0.333333333,Positive
wish saw paid k univers simultan doubl learn guess thank,0,Neutral
hey brother thank help,0,Neutral
thank sir give us opportun learn valuabl concept charter account finalist pakistan go take cours get certif make portfolio stronger love play data think help financi model cant explain thank sir alex,0.5,Positive
need learn becom data analyst choos watch sql python,0,Neutral
thank mr alex,0,Neutral
thank yt bootcamp switch bootcamp better coursera learn free,0.45,Positive
wan na get start data analyt bit confus start bootcamp know get start shall tri googl data analyt cours directli previou experi,-0.2,Negative
graduat decemeb math degre emphasi secondari teach realiz didnt want pursu teach ive look data analyst alway hesit think couldnt video motiv final stop procrastin thank wonder resourc im excit start new journey anyon read comment believ start,0.068181818,Positive
hi alex doubt bother enough data analyt purchas paid coursei enough get job internship good compani wait repli,0.233333333,Positive
guess skip ad help creat content free,0.4,Positive
thank much alex awesom appreci,0.2,Positive
lucki get scholarship data analyst bootcamp cant wait finish get diploma focu learn alex,0,Neutral
hi alex knew sinc learn lynda linkedin learn welcom youtub,0,Neutral
found channel must sign need data analyt cours plu free omgthank,0.4,Positive
thank boot camp mr alex thank much help,0.2,Positive
bachelor master phd three postdoc im readi let go,0,Neutral
one peopl affect game industri lay off think switch career data analyst saw tiktok decid tri thank,-0.4,Negative
bad remot area africai get clear alexfor real world becom villag like mile way u,-0.133333333,Negative
understand took place time ago tri link respons pl still benefit like said extrem interest thank,0,Neutral
hello alex thank u much ur great work saw free data analyst boot camp extrem interest abl log,0.6,Positive
im start journey updat time time also alreadi finish excel playlist saw playlist proceed updat finish sql basic idk think use sql excel brain feel fatigu mayb type sql need practic understand better updat need finish advanc sql video found sql program languag mysql databas thought thing,0.25,Positive
thank alex realli excit free bootcamp thank share knowledg great content,0.6,Positive
need beginn knowledg tech learn data analyst,0,Neutral
like employ would want hire resum right,0.285714286,Positive
gift univers thank,0,Neutral
dive da bootcamp awesom thank alex,0,Neutral
inform python inform date,0,Neutral
thank,0,Neutral
new thank give free,0.268181818,Positive
hi alex realli grate work,0,Neutral
go start data analyst bootcamp today thank provid free great learn experi everybodi,0.6,Positive
great man thank alot,0.8,Positive
ty much alex wish u best,0.6,Positive
hi ive ask top need skill want becom data analyst,0.5,Positive
love bootcamp idea,0.5,Positive
thank much alex god bless amaz,0.2,Positive
first day toward journey becom data analyst,0.25,Positive
dear sir becom junior level data analyt complet boot camp,0,Neutral
thank alex lost job need train boost resum bless,0,Neutral
im transit data analyst role glad found thank,0.5,Positive
thank much,0.2,Positive
thank much sir thank bless grate gon na start right away,0.242857143,Positive
hello mr alex playlist enough start job power bi analyst pleas repli repli make impact,0,Neutral
hi follow ticktok today go start free cours actual look boot camp site lot rumbl jumbl stuff found beginn confus pose progress quir,0.2,Positive
thank thanksthanksthanksthanksthank made life thnx,0,Neutral
thank alex,0,Neutral
thank creat bootcamp share knowledg alex greatli appreci,0,Neutral
thank,0,Neutral
thank wonder content alex thank,0,Neutral
complet non background switch career age doubt never late dont know noth comput except basic stuffthi look amaz thank,0.075,Positive
hey alex thank share,0,Neutral
thank u much sir,0.2,Positive
wow marvel,0.1,Positive
would like becom data analyst career journey dont much money learn advanc data analyst honestli im excit grate learn especi free thank sir,0.3,Positive
alex south africa yr structur learn video boot camp like day much take go studi pleas dont lose confid way,0.2,Positive
start today wish luck,0,Neutral
im take bold step today kickstart amaz professiongoodluck everyon pass wonder baton thank alextheanalyst,0.333333333,Positive
get googl cert also first,0.25,Positive
least give like free cours,0.05,Positive
broi love real thank,0.35,Positive
thank much friend recommend video minut ago love alreadi see u last video done go hope soonest,0.233333333,Positive
commun within bootcamp go help video content need,0,Neutral
thank alex good start someon like,0.7,Positive
hi alex thank amaz bootcamp man like anoth bro wrote god sent learn everi singl video ill finish ill back say hello comun im sure itll awesom first place see end entir cours also peopl wait messag finish bootcamp like help find job data analyst im sure incred amaz ye land new job thank alex see ill finish bootcamp cheer argentina world,-0.014204545,Negative
thank much alex bootcamp,0.2,Positive
hi anyon use lenovo yoga g abl instal ssm laptop support ssm altern would realli appreci help,0,Neutral
rea data analyst well good human pleas tell get certif bootcamp add resum found content great,0.5,Positive
appreci enorm level see doctor stomach pain caus abl work tri year cant seem find anyth told may mental health issu ive look job home support cost live far everyth look cost much tri get might way situat thank,0.084090909,Positive
awesom mechan engin look get data analyt look like came right place,0.285714286,Positive
hi alex hope get thing want life your give thousand want video data analysi would continu scari space,0,Neutral
woooowthank much bootcamp expens situat one day hope return favor rememb hello dominican republ,0.2,Positive
alex thank amass bootcamp,0,Neutral
graduat comput scienc bachelor last year know start data analyt career googl found one best da seri thank alex bring us,0.5,Positive
thank alex free comprehens modul,0.4,Positive
great alex implement project interact dashboard bootcamp,0.8,Positive
watch nova documentari astronomi end check astronom demand turn data analyst end,0,Neutral
lfg thank pay boot camp local uc,0,Neutral
pl im new access da bootcamp,0.136363636,Positive
thank make wisdom avail us appreci generos wisdom,0,Neutral
thank much effort,0.2,Positive
thank much alex help build career,0.2,Positive
awesom bro journey coupl month took one master data scienc boot camp spain one teacher recommend channel great thank tool knowledg provid,0.8,Positive
hey alex liter world thank,0,Neutral
thank alex angel,0,Neutral
thank alex thu bootcamp love,0.5,Positive
thank firend your best,1,Positive
glad see start watch eager complet hope learn lot seri thank much new subscrib ph,0.318181818,Positive
great job thank much qualiti content free,0.466666667,Positive
alright go,0,Neutral
saw lot data analyst recommend us watch video want jumpstart career becom data analyst today lol ill start repli comment ill push one thank cross finger,-0.05,Negative
find certif complet bootcamp,0,Neutral
give poor lend god great help qualiti content free,0.266666667,Positive
hello alex first thank much creat cours especi free think your lifesav lot folk includ ive cours coupl day alreadi question understand your teach work sql server studio wherea major peopl work mysql what differ what use often would need learn use mysql well thank advanc,0.228125,Positive
becom data analyst without code knowledg pleas answer,0,Neutral
thank alex watch ad token gratitud aspir data analyst godspe us,0,Neutral
god would bless us pl cloud platform like awsgcp azura bootcamp,0,Neutral
hi alex super super love videoi ran back subscrib wach becom data analyt thank connect linkedin,0.291666667,Positive
ive look structur data analyt boot camp thank alex,0,Neutral
follow train use mac book,0,Neutral
thank u much sir salam indonesia tri learn ask question materi certif step,0.2,Positive
one question put ml model product made mani exercis last stand realli work real life thnk advic,0.1,Positive
support watch add thank tri get man paid spend time watch add,0,Neutral
awesom look forward bootcamp expand skill thank alex,0,Neutral
hey alex subscrib taken bootcamp youtub land job show certif recruit,0,Neutral
amaz person alex thank much realli appreci,0.2,Positive
go start today sure ill thank u end n surli share expiri,0,Neutral
thank much bro,0.2,Positive
thank alex could pleas creat video instal sql new version,0.136363636,Positive
love im year old colleg dropout recent discov tech world may data analyt line best interest found day ago truli solidifi choic im excit start today,0.4,Positive
make sure interact ad give lil back pl awesom thank,0.25,Positive
hi need order sign start watch video one pleas tell thank,0,Neutral
hey alex pleas make complet playlist cours busi analyt cours scratch advanc start new career non profession,0.136363636,Positive
wow priceless,0.55,Positive
im realli interest data analyst im softwar develop student univers hope bootcamp help get start data analyst,0,Neutral
pl someon help start base data analyst data scienc thank need help,-0.8,Negative
start bootcamp today juli th gon na tri minut hour day ad minut seri come bit hour content hope get ton great knowledg bootcamp hope good job end year either financi analyst data analyst thank alex,0.75,Positive
awww thank,0.4,Positive
thank free content watch philippin im total zero knowhow data analyst look forward studi learn channel,0.2,Positive
hi alex give hope cousin refer im glad didquick question im complet beginn say learn need simpli bootcamp complet data analyst bootcamp suggest take coursera googl data analyst certif cours remain exactli recommend path finish data analyst bootcamp thank much,0.35,Positive
skip ad thing give back right,0.142857143,Positive
thank sooooo much take time creat data analyst boot camp thank enough help get addit train ive look,0.1,Positive
googl career certif data analyt worth time money im new world im tri figur career move labor factori,0.218181818,Positive
thank lot follow video end,0,Neutral
wish could hug right thank much,0.242857143,Positive
thank alex use help everi day sinc start learn data analyst one main reason love start field still im beginn bootcamp help much,0.288888889,Positive
thank alex great job,0.8,Positive
hi alex want ask question bootcamp enough get job data analyst sequenc seri roadmap guid cover aspect topic becam data analyst,0,Neutral
thank,0,Neutral
thank much share knowledg content even better paid cours thank everi much,0.3,Positive
alex saint help third world countri poor peopl free knowledg god bless may continu kind heart,0.15,Positive
sir alex thank much,0.2,Positive
thank bootcamp,0,Neutral
awesom ive tri find skillset need data analyst get train godsend thank alex,0,Neutral
mralex good see meaning video got one doubt go video go bootcamp video land data analyst job pleas confirm,0.7,Positive
new guy come around hope aint late parti zero tech background knowledg around stuff journey start,-0.081818182,Negative
benefit follow video good way thank much im excit chang career path like major thank way explain,0.320833333,Positive
crack,0,Neutral
god bless alex wonder opportun,0,Neutral
thank alex,0,Neutral
hi alex realli necessari learn excel know python want improv think essenti find job thank,0,Neutral
need know code da,0,Neutral
start journey today done back comment share experi,0,Neutral
goat thank,0,Neutral
excit start thank much hard work,-0.291666667,Negative
hello alex youv done marvel work growth human thank greatli question know bootcamp cover busi analyst pleas im great need,0.4,Positive
make commit start playlist tomorrow back coupl month give u guy feedback prompt forget good luck everyon thank alex never walk alon,0.35,Positive
hook today keep updat progress comment section great world abl pay bootcamp year ago super thanksss india peopl need,0.566666667,Positive
hi alexactu complet first mileston sql realli help full said actual put resum still complet finish cours month end thank,0.2,Positive
pleas dont remov sir love sir thank much,0.35,Positive
sir kind thank expect bless,0.6,Positive
im excit follow path sinc im doctor current want get first step data analyt thank much alex,0.15,Positive
thank alex wait long time learn data analyst found proper guidanc amaz person give strong posit vibe learn enthusiasm realli thank support,0.127777778,Positive
thank thank thank good bless,0.7,Positive
thank fantast initi realli care peopl struggl start new career data analysi alway guid success incred person peopl cant thank enough cours,0.145454545,Positive
someon give much free made heaven god bless alex your great inspir,0.6,Positive
paid bootcamp learn lot still dont feel readi career im excit give tri,0,Neutral
hello hope well question obtain certif need go video entireti work good knowledg excel day day job want learn area pleas advis thank,0.7,Positive
answer prayer thank alex im look forward go bootcamp,0,Neutral
hey man start thank everyon video day practis make go long way keep good workatb,0.325,Positive
hello alex ive follow start journey becom data analyst kinda hard time plu countri couldnt actual use visa card access afford paid cours found realli hard find good free cours especi good place practic saw post idea happi almost shed tear im deepli thank hope success happi world thank thank soooo much cant say enough,0.190740741,Positive
yess thank will hope show job search without certifi ima see thank,0,Neutral
thank cours philippin,0,Neutral
like smile face cheer,0.3,Positive
take googl certif watch cours,0,Neutral
okay choos power bi start dont idea use,0.5,Positive
thank,0,Neutral
like prayer got answer wale youtub distant mentor couldnt complet audit session edx still consid afford anoth analyt certif cours wouldnt disappoint thank bunch,-0.1,Negative
anyon still read tri follow everi step alex made get error messag operand data type nvarchar invalid divid oper tri totaldeathstotalcas anyon get similar issu thanj alex cours beginn super help,0.166666667,Positive
thank much truli made excit learn go divers librarian background look chang industri im hope databas manag skill come handi,0.2,Positive
oh thank start free trial googl data certif figur made lol hope program help start new career,0.445454545,Positive
your rare gem thank much,0.25,Positive
sir alex thank,0,Neutral
thank algorithm bring man life,0,Neutral
thank effort help,0,Neutral
one get certif finish bootcamp,0,Neutral
hi alex wonder thing put togeth inclin right tri hope allow land job data analyst know lot stuff python panda polar sql ms excel web scrap use beauti soup thru self pace learn onlin understand project begin write resum thank god will earn certif,0.101190476,Positive
love brother,0.5,Positive
human alex analyst saint thank sir,0,Neutral
thank bro hope get bless life thank thank,0,Neutral
thank much sir,0.2,Positive
see beauti wish learn thu ill take thank alex,-0.5,Negative
alex thank much make amaz cours free share experi us without cost,0.3,Positive
certifi pmp make industri chang look way get familiar data analyt cours honestli got confus much thank amaz act appreci,0.2875,Positive
promis tarnish good name,0.7,Positive
what typic amount time start finish littl knowledg,0,Neutral
never lack good thinggod bless,0.7,Positive
thank,0,Neutral
better playlist googl analyt one im pretti new want get data analyt look gener overview consid time cost practic skill learnt experi cours,0.318181818,Positive
today date march th,0,Neutral
dont know long take,-0.05,Negative
keep touch progress,0,Neutral
dont know anyth absolut anyth data analyst prube bootcamp worth,0.3,Positive
want feed proud self,0.8,Positive
hi alex name juan hernandez first want thank shouch great opportun peopl like want go ahead life speak educ way dont found,0.525,Positive
would never tarnish good name alex gon na go put hard work,0.204166667,Positive
start journey hope learn stuff data analysi recommend channel friend,0,Neutral
thank alex help,0,Neutral
interest access compil way,0,Neutral
thank alex make free bootcamp go start playlist today becom data analyst coupl month,0.4,Positive
brilliant truli winwin,0.9,Positive
incred look data analyt program came across well contact two howev im wari bootcamp honest expens discov channel find realli benefici thank much alex,0.4,Positive
thank alex wonda work amaz thank share free,0.4,Positive
real cool thank share wonder knowledg gener,0.525,Positive
awwwwh thank alex im excit start alreadi,0,Neutral
absolut begin,0,Neutral
thank much alex creat opportun us much appreci,0.2,Positive
thank,0,Neutral
thank muchbless help commun peopl short need support bless,0,Neutral
amaz thank brother,0,Neutral
mad love south africa one beacon empower thank inform,-0.0625,Negative
noth free realli want learn data analyst realli need job current unemploy,0.2,Positive
thank much creat your realli make way peopl like continu grow ever grow field make differ live oddli enough finish boot camp long ago want absorb much field,0.097272727,Positive
thank thank im excit start bootcamp,0,Neutral
thank alex realli help us becom data analyst thank much,0.2,Positive
thank alexx bless come subscrib,0,Neutral
thank alex god bless,0,Neutral
unbeliv match effort free thank much,0.3,Positive
make sens excel first sequel second bi tool third python last,0.0625,Positive
thank india,0,Neutral
feel like cri co made easi us thank much,0.2,Positive
thank much realli appreci lot god sent pleas continu great work im year old south african didnt know start found,0.275,Positive
hi alex still recommend complet coursera udemi cours along bootcamp bootcamp enough get start thank,0,Neutral
thank,0,Neutral
alex thank content im sure error encount tri import data said microsoftaceoledb provid regist local machin systemdata experienc issu also tri solut offer system kept throw error messag found video check microsoft forum solv problem anyon issu vid help lot thank video alex amaz,0.25,Positive
almost join bootcamp k id rather give half bootcamp lol,0.316666667,Positive
awesom thank ive never made onlin portfolio suggest save work post,0,Neutral
inde bless thank million,0,Neutral
thank much alex,0.2,Positive
hi alex thank great effort content want know use postgr instead ms sql use thank,0.8,Positive
legend thank spread knowledg free,0.4,Positive
thank much come back later post go,0.066666667,Positive
thank alex salut share knowledg philippin,0,Neutral
thank much alex sir give us kind opportun,0.4,Positive
thank alex much appreci,0.2,Positive
number cours lot doubt help provid plateform person like ask question get answer soon possibl,0,Neutral
glad found cs major student sudddnli want walk data analyst path,0.28125,Positive
jump without knowledg complet someth like googl da certif cours first,0.25,Positive
thank initi current enrol googl data analyt certif coursera bootcamp sure go benefici enhanc technic skill upcom capston project,0.25,Positive
thank alex your best,1,Positive
hope learn teachingi wan na data analystnd video watch video data analyst,-0.2,Negative
wow thank sir advancegod bless,0.1,Positive
hi alex firstli thank content provid given vision career lack sinc finish univers current unemploy recent econom graduat look becom data analyst finish uni got job keep busi whilst appli data analyst role howev struggl find time quit job two month ago attend python boot camp provid univers believ would give relev experi success applic far still look work whilst work sql video provid plan complet boot camp offer worri gap cv process see cv gap issu consid job justifi consid situat outlin thank excel content would realli appreci advic someth struggl moment,0.1,Positive
oh thank sir start,0,Neutral
thank much alex help us save lot money god bless may help peopl,0.2,Positive
h podcast slllayyyyyi im fan im definit stick w tutori end mark word alex peac love,0.5,Positive
sure youtub god put feed im grate project file familiaris kaggl etc,0.5,Positive
liter person follow look ad click ad appreci,0,Neutral
hilari thank super excit get start learn,0.333333333,Positive
thank much may god bless,0.2,Positive
suggest improv commun peopl finish cours send email notif either send share link hesh print certif forward certif individu sure interest know peopl taken time go whole program also reduc risk dishonesti act,0.35,Positive
tq soo much alexy great job help lot beginnersgod bless,0.5,Positive
wonder god great make come across link linkedin,0.8,Positive
love work data made birthday man thank man,0.5,Positive
need help build portfolio anybodi els could help,0,Neutral
thank alexalot love pakistan,0.5,Positive
thank great gestur,0.8,Positive
thank alex im excit cours,0,Neutral
great person leav countri girl allow go school univers video bless miser day thank lot,0.8,Positive
thankyou much help,0.2,Positive
first comment sinc youtub account creat year ago stumbl upon video rough day realli doubt stuck rut life ive graduat colleg realli slack experi never felt like learn anyth data analyt alway piqu interest never gather courag tri one paid cours experi sql python colleg mainli forgot ive learn utmost best finish free cours regular pace fashion keep progress track take time slowli mayb spend hour learn watch video everday everi day simpli hate grind work fast possibl start date end date mileston first sql data portfolio project done took coupl day simpli lot troubl actual import excel file took coupl hour simpli tech issu wasnt sure eventu finish take fair share break whenev felt slack data clean done excel project dataset done tablueau project done amazon web scrape done took small break updat resum done,0.193589744,Positive
got joke begin glad know rawest person ever met believ make data analyst hope data scientist someday,0.5,Positive
omg thank much im go boot camp start today,0.2,Positive
hi alex first want say appreci content creat gener allow peopl access free learn much video done project keep hit wall dont know get past dont want quit wonder could point direct place could get oneonon mentorship appli skill data analyst thank everyth alreadi commun,0.14,Positive
hi definit go complet bootcamp fromm india tell land us job,0,Neutral
thank alex,0,Neutral
thank alex realli appreci effort contribut look forward finish bootcamp,0,Neutral
alex thank much cant imagin differ make life deep thank,0.1,Positive
thank bro give man fish eat day teach man fish eat rest life,0,Neutral
bootcamp good would make entri level job readi anyon who enrol your feedback would pretti much appreci thank,0.45,Positive
mention go creat sever new video playlist replac one alreadi rough estim bootcamp playlist complet new stuff go ad replac year,0.057575758,Positive
fantast idear amaz gift entir commun thank lot alex time dedic make bootcamp share knowledg us,0,Neutral
anyon done mac window like download sql problem mac air feel stock,0,Neutral
wow soooo fantast thank much inform bootcamp video im gon na follow bootcamp curriculum wish ill send messag get job bootcamp sever month later im alreadi soooo excit thank,-0.05,Negative
midst career chang thank,0,Neutral
hey alex stuff your provid dope thank provid us,0,Neutral
best bootcamp start data analyst best man youtub field,1,Positive
hi alex listen data analyst get fire current compani search bootcamp know noth data analyst cours help get job,0,Neutral
thank much decid start journey month go back forth site cant afford watch video look practic complic life saver,0.1,Positive
ive stuck tutori hell wish free bootcamp help final concret pathway becom data analyst,0.2,Positive
ive never heard even ask tip would interest data analyst analyz effect ask tip,0,Neutral
thank servic,0,Neutral
thank much,0.2,Positive
pleas dont close rest year onlg start next month kindli beg,0,Neutral
thank give insight inspir peopl like right work progress scroll watch video make easier learn job want pursu futur hope could gain subscrib thank bottom heart,0.285714286,Positive
congratul new follow keep good work respect india,0.418181818,Positive
thank much god bless exactli person like get bless success,0.25,Positive
version window use,0,Neutral
thank,0,Neutral
excit alex thank,0,Neutral
thank alex opportun im take challeng want abl chang career enter new line work keep good work,0.418181818,Positive
thank man anyon downlaod certificat without learn first cheat,0.25,Positive
dont believ coincid never video anoth proof thank alex golden,0.3,Positive
thank alex boot camp,0,Neutral
thank much put togeth aimlessli bounc would learnif could start video found channel,0.2,Positive
bootcamp open mac user window user,0,Neutral
guy hero,0,Neutral
graduat bachelor decemb im unsur what next still want keep learn back done playlist,0,Neutral
thank much alex dont know describ thank ami decid work toward becom data analyst video inspir help deepli,0.2,Positive
free seem complet bootcamp around,0.4,Positive
god bless alex,0,Neutral
anyon old laptop start learn chromebook cant go,0.1,Positive
yo dope thank much,0.2,Positive
much respect im excit finish add linkedin,0.2,Positive
help lot materi refresh realli need project come year turn realli want get roll help good step right,0.492857143,Positive
everyth short alex look doubtsi anyth would help regard,0,Neutral
data analysi career difficult fail interview go year competit difficult bachelor degre still difficult get entri level posit im give say marathon sprint,-0.5,Negative
im greatful amaz gift word describ valuabl kind content bottom heart thank much wish best,0.6,Positive
alex thank ive look way enter bootcamp im thank chanc learn excel materi sure help along way analyt career,0.5,Positive
thank alex interest data analyt bit go great,0.8,Positive
far one best channel youtub thank alex share knowledg skill,0.55,Positive
thank save career autom,0,Neutral
bootcamp playlist alex analyst look way much better coursera cours,0.5,Positive
dude definit gon na check alway interest data analyst pay bootcamp expens thank make,0,Neutral
awsom alexthank ton brotherrespect india,0,Neutral
amaz thank much alex,0.2,Positive
alex goat thank,0,Neutral
hey alex what best macbook suggest start boot camp data analyst career,1,Positive
thankyou much alex im indonesia year old program basic think late learn,1.39E-17,Positive
amaz alex thank make bootcamp free excit join,0.4,Positive
hey alex said would add panda tutori seri bootcamp inquir caus realli anxiou would grate see inclus thank much,0.2,Positive
game changer current student last semest master program realli gateway school want learn skill dont extra incom throw lot cours bless pay forward though,-0.1,Negative
hi alex thank give bootcamp free coupl question start cours montessori teacher work softwar field year back also master degre comput scienc would like enter field long gap want someth doesnt includ heavi code someth get job easili much code data analyt possibl person like get back long gap thank,0.083333333,Positive
hi alex compani except certif reason ask run compani ask certif train plan take careerfoundri data analyst onlin cours think anyon help,0,Neutral
get bootcamp certif sir,0,Neutral
alreadi start alex god among men thank sooo much,0.2,Positive
thank alex channel resourc encourag,0,Neutral
god bless will learn stuff free thank creat platform,0.4,Positive
got chill cant wait get first certif prepar,0.25,Positive
hi alex access video order go releas weekli thank,0,Neutral
may god bless keep good health make free pleas need link becom data analyst begin end im interest part bootcamp,0.55,Positive
hi see still join booth camp though alreadi learn basic sql powerbi,0,Neutral
st step becom data analyst hope done bootcamp thank alex,0,Neutral
thank,0,Neutral
thank much god bless,0.2,Positive
need thesethank video pleas,0,Neutral
alex thank much free data analyst bootcamp your super amaz,0.366666667,Positive
watch video havent watch content data analyst bootcamp yet idea share help hand teach other excel great thank nice gestur sure new subscrib student thank man,0.382272727,Positive
thank u much alex u r chang life,0.2,Positive
thank much,0.2,Positive
alex thank help coupl followup question id like ask firstli advic find advanc project work addit ive notic mani entrylevel job post requir year experi dont recommend overcom qualif barrier still get foot door,0,Neutral
alexthank much amaz provid content free,0.3,Positive
alex your life save charismat great teacher,0.8,Positive
thank,0,Neutral
thankyou much alex cant thankyou enough,0.1,Positive
thank much mr alex,0.2,Positive
thank much alex,0.2,Positive
cant find better guid data analyst thank lot alex,0.5,Positive
need add test question abl score specif eg test get certif actual prevent misus certif also increas intrins valu bootcamp,0,Neutral
thank,0,Neutral
alway trade made data analyst train could free b thorough allencompass c need job readi seem minimum requir dose get someon jobreadi complet free your champ mate,0.4,Positive
hi alex got channel anoth youtub channelsomeon recommend woow woow free thank much,0.3,Positive
question im rel new wonder sql specif said video use mssql mysql plu coupl year old still relev video watch wait till mysql video thank,0.118181818,Positive
thank much give data analyst bootcamp free help lot india want da certif india averag price around k lakh current situat abl certif price abl certif brother thank thank much love india,0.275,Positive
sure alex thank lot organis cours,0.5,Positive
get tshirt want scream bootcamp,0,Neutral
brother alex youll seriosli get place heaven,0,Neutral
think excel ma first playlist recommend,0.25,Positive
thank alex sir,0,Neutral
someon want togeth,0,Neutral
never comment thank much,0.2,Positive
hi alex im glad found channel your lifesav thank understat,0.5,Positive
thank alex,0,Neutral
someon alreadi watch video write ive taken boot camp,0,Neutral
alex your good job free bootcamp mean wish peopl like your best thank,0.446875,Positive
unbeliev your amaz person ive look bootcamp could serious help understand everyth stretch keep good work peopl need youtubersinfluenc like lot love,0.288888889,Positive
hi alex need watch video first complet cours link first tandem,0.25,Positive
amaz thank much alex hope get lot subscrib deserv,0.2,Positive
thank alex,0,Neutral
thank much morocco start,0.2,Positive
awesom realli systemat learn cool stuff thank,0.35,Positive
im current enrol data analyt bootcamp careerfoundri websit formerli math teacher look make career chang thought data analyt right alley im complet new basic everi aspect data analyt came youtub hope find tutori supplement learn found say wow thank much make free ive alreadi paid bootcamp ill finish im definit go watch everi video complet everi project end ill two certif thank,0.013564214,Positive
thank alex word express gratitud priceless chang live power,0.568181818,Positive
thank sir,0,Neutral
alway love sometim man like came life th feb,0.5,Positive
lmao owe think,0.6,Positive
suggest power bi beginn cours relat data analyst udemi,0,Neutral
alex mani thank inde put togeth,0,Neutral
protect alex bodyguard point bad market youknowwho,-0.7,Negative
thank much alex help video help lot land job data analyst,0.2,Positive
thank much start soon,0.2,Positive
oh lawd lord heart,0,Neutral
havent found anyon data gener clear amaz alex freberg,0.1,Positive
alex favorit movi charact alex favorit mentorlik friend alex favorit youtub also alex realli enjoy watch video wan na get relax school workload profession stuffalmost watch everi day im intern student whose oral english isnt fluenti understand video without caption speak realli suck im realli interest databas decis make process realli wan na financi analyst begin work stagemi major manageri econom minor account sta commun abil limit lot plan learn data analyst minor sta fluenci requir data analyst realli sad oral speak weird express way,-0.115277778,Negative
alex thank bootcamp that encourag hope end cours month mayb less mayb good analysist experi skill english nativ languag may understand part good tri,0.308333333,Positive
thank alex,0,Neutral
thank bootcamp tutori sql save work exit jump next alway figur continu doubl employe name list dont know delet,0,Neutral
finish googl certif enjoy dont feel comfort appli buy new comput mac longer updat im definit go boot camp sahm month pregnant limit incom go perfect help,0.467424242,Positive
ive decid want transit data analyst career current job see dont think better sign transit especi sinc notic releas week ago subscrib follow,0.25,Positive
thankyou much alex kind selfless much appreci could chose make money howev gift skill free grate,0.35,Positive
hey alex thank pleas go add python video spoke,0,Neutral
want echo everyth alreadi said alex posit impact mani peopl alreadi ive got two children reli job thought secur that perform layoff due multimillion dollar mistak budget last year ive alway want get foot door data analyt cost boot camp prohibit famili truli grate,-0.0625,Negative
awesom alex thank share knowledg god bless alway,0,Neutral
consid lucki found youtub channel learn,0,Neutral
pay bootcamp finish got badg career servic concis great refresh free thank,0.6,Positive
thank,0,Neutral
thank,0,Neutral
thank video make video etl process data analyst,0,Neutral
prepar done bootcamp immedi start creat portfolio look advanc cours,0,Neutral
thank much alex think take bootcamp help get hire even nonu bachelor degre green card holder look get hire data analyst role unit state ask mani peopl path take land data analyst job take master degre good bootcamp like said bootcampand other said master degre total confus regard thing mention got bachelor degre comput engin nonu certif word recruit requir hold us certif get job alex analyst,0.115,Positive
word explain gratitud thank,0,Neutral
thank much,0.2,Positive
thank alex,0,Neutral
thank much quick question softwar would better follow along sql portion video sql mysql sure differ,0.444444444,Positive
thankyou alex need agood laptop work,0,Neutral
your angel god univers reward,0,Neutral
thank alex,0,Neutral
happi drop perfect time search start kind panick much awesom amaz thing alex,0.6,Positive
think pattern career switch seem difficult financi gave great hope thank much sir god bless beyond measur,0.166666667,Positive
thank alex,0,Neutral
thank lot alex great help time organ studi complet step share tag linkedin thank much congratul generos,0.5,Positive
fellow futur data analyst let skip ad give back free bootcamp thank alex share knowledg free,0.266666667,Positive
cant fed inform still make someth thank make life easier beginn,0,Neutral
thank much god bless,0.2,Positive
wow focu learn bootcamp till end trust experi,0.1,Positive
never comment youtub video show support simpli cuz realli valuabl anyon interest field thank,0,Neutral
thank much,0.2,Positive
god bless thank much best,1,Positive
think love alex need thank alex ill definit follow learn close,0,Neutral
alex pleas go bootcamp address data analyst need buy cours,0,Neutral
thank lot first day data analysi job would dedic succeed inshallah,0.25,Positive
hi alex great initi thank much could pleas let us know ad mysql video current playlist altern mssql,0.333333333,Positive
need less theori practic work difficult find web,-0.333333333,Negative
hi alex greatest thing world appreci intens,1,Positive
got laid nov rif even though im alreadi data analyst accountingtax hard find datacentr role would hire skill need portfolio beat crowd despit f experi thank alex free bootcamp cant afford anyth cost money,0.054166667,Positive
thank alex love muchiv will take cours data analyt paid cours cant afford made easi possiblei put best wont disappoint,0.75,Positive
thankyou man your amaz work us excit,0,Neutral
thank alex,0,Neutral
alex your amaz bro got interview come need power bi your life saver thank,0,Neutral
thx googl recommend amen,0,Neutral
thank im go googl certif touch thing feel though would like go back play program mention becam discourag work im push would like becom employ soon im see end tunnel use paramed get handson get hand dirti skill better way learn plu motiv result appli treatment skill someth good happen result project im move funni subcrib found encourag appreci even im glad follow waaay back thank god work,0.34,Positive
angst start whether video came thank go tri right,0.285714286,Positive
boot camp thank alex send messag complet boot camp,0,Neutral
thank alex,0,Neutral
thank much share knoledg,0.2,Positive
clue somebodi practic give away gold mine free kudo servic sure incred help everybodi use great job,0.566666667,Positive
thank alex,0,Neutral
thank alex,0,Neutral
thank alex im start journey today let know boot camp,0,Neutral
wont tarnish good name alex,0.7,Positive
thank much alex realli owe someth think great complement googl data analyt cours im,0.5,Positive
hi alex wonder realli put bootcamp project abl work compet would opinion base work limit bootcamp would averag averag averag technic seek work data analyst level point entri level cheer effort,-0.8,Negative
thank,0,Neutral
bro mad dope bless fam fr,-0.625,Negative
your awesom motiv final switch gear career becom data analyst want upbeat person put eas im excit start bootcamp thank alex,0,Neutral
bless lot folk includ myselfto get someth start field sometim financi issu block path initi move even start,0,Neutral
alextheanalyst thank make cours extrem simpl initi didnt see link video best,1,Positive
iron alreadi creat youtub playlist video order want learn call data analyst crash cours great work thank,0.8,Positive
someon who scam mytechbestfriend tech bootcamp past year im thank,-0.25,Negative
serious free wow,0.055555556,Positive
omg thank,0,Neutral
anyon abl calcul number hour video vid less intro video,-0.166666667,Negative
thank alex wish health success lifebless,0.3,Positive
thank alex bootcamp start today,0,Neutral
thank creat content help public upgrad skillset,0,Neutral
thank much hype start today,0.2,Positive
thank alex realli go long way data analyt journey,-0.05,Negative
realli amaz alex recent got data analysi alreadi follow video found super easi follow use playlist even structur learn journey wait continu learn finish project thank stay amaz,0.166666667,Positive
hi alex video inspir thank much,0.2,Positive
godsent godsent want shift career data analysi enrol data analyst cours refocu digit academi enrol month borrow money parent money name im mooch parent right sinc pandem laid embarrass gave hope cancel enrol good thing still within day cancel ill cours instead thank,0.161904762,Positive
god bless alex,0,Neutral
thank alex,0,Neutral
realli amaz use interest pursu data analyst thank much,0.2,Positive
thank youuu amaz work alex go channel often,0,Neutral
wow look new cert pad resum finish googl one year ago want expand knowledg time get watch,0.118181818,Positive
good work present data scienc field boom lot institut platform charg much money learn data scienc nice work keep,0.375,Positive
definit take advantag thank much generos appreci aspir data analyst philippin,0.2,Positive
kind beauti person ty much,0.4,Positive
amaz alex long look bootcamp begin data analyt journey god reward immens thank man,-0.05,Negative
look search good free resourc hole cours sincer god bless thank much,0.433333333,Positive
alex godsent info free wow thank much,0.233333333,Positive
thank much share,0.2,Positive
anyon join get certif mean countri condit,-0.3125,Negative
im almost done python video start boot camp seri cool skip,0.35,Positive
sever video use da bootcamp good half resum work end im quiet happi launch,0.177777778,Positive
thank cols tab focu one playlist,0,Neutral
respect think bootcamp enough get data analyst job,0,Neutral
im poor cant afford boot camp despit desir learn im excit learn your saint,-0.4,Negative
feel like data analyst space get oversatur similar way softwar engin everyon mom bootcamp appli swe role,0,Neutral
thank opportun,0,Neutral
alex job data analyst go autom soon chatgpt bard,0,Neutral
alex job data analyst go autom soon chatgpt bard,0,Neutral
realli help thx much,0.2,Positive
he awesom,0,Neutral
thank lot alex start self learn data analyt past month video quit help mayb consid charg littl fee incred highqual work probabl make lot money data analyst think peopl understand,-0.25,Negative
alex thank go start work thank much,0.2,Positive
thank much alex pleas access start bootcamp,0.2,Positive
thank much need,0.2,Positive
thank,0,Neutral
wow thank effort realli appreci,0.1,Positive
thank much alex excit ever sinc mention linkedin done project last year confid start review love excit share us trust us use opportun rightli alway look forward content thank,0.233333333,Positive
thank much alex may god bless,0.2,Positive
thank much alex great resourc,0.5,Positive
pleas help aspir data analyst first video sql video connct server alway error dont kmow strt,0.25,Positive
man show failur model boot camp said screw,0,Neutral
thank man good job give like say believ complet boot camp good download certif put name word forc thank cours certif thank,0.7,Positive
thank much make full boot camp cours free,0.316666667,Positive
thank sir realli appreci,0,Neutral
alex ever sinc subscrib channel year usual refer legendari alex legendari friend good work,0.225,Positive
great look chang career path power bi excel user alreadi wan na ask cover basic move intermedi stuff pleas repli get timestay bless,0.2,Positive
alex one good peopl still earth may god bless let live longer benefit intellig,0.418181818,Positive
thank priceless,1,Positive
thankyou much alex,0.2,Positive
colleg take bs medic technolog rd year realli feel like someth wrong shouldnt drop univers last decemb whole year work side hustl onlin tri figur realli want life last septemb saw data analyst onlin cours ad start search yt found channel realli want enrol onlin cours tuition fee new laptop cost lot cant realli afford yet januari start watch playlist excel sql late finish power bi playlist also got new laptop instal plan right realli start work project excel sql power bi handson experi actual decid save learn python later sinc im current prepar appli entrylevel data analyst posit requir intermedi advanc skill excel might start learn python soon work project also post hope get posit earn money continu learn work your like person mentor alex learn lot channel still long way ahead wish luck,-0.00762987,Negative
need colleg bootcamp alex day come final land job know thank,0,Neutral
thank alex your best,1,Positive
sound like lot fun im master degre go right along appreci hard work,0.173511905,Positive
youuuu didd realli vari great alex curiou start pleas like comment see stay bless,0.8,Positive
well good im sure itll lot good see certif sign alexand mildli disconcert said,0.633333333,Positive
challeng accept,0,Neutral
begin journey data analyt express invalu content often feel overwhelm tri learn field refresh someon help mani question thank much,0.2,Positive
thank alex,0,Neutral
alex thank much ive learn data analyst cours need improv may god alway bless amaz teach peopl around world free,0.3,Positive
alex ive seen compani transit ssm snowflak think go changeimpact technolog mention video,0,Neutral
thank alex friend tech commun mentor mani learner,0,Neutral
thank much,0.2,Positive
wow simpli amazingit come show much good someon compani god bless,0.4,Positive
cool,0.35,Positive
thank much look forward tri soon know bootcamp datacamp etc quit expens,0.2,Positive
alex discov video coupl week ago reviv want data analyst need improv skill explan clear one minor comment need use pointer highlight replay video sometim find click recommend way goal go entir bootcamp anoth thought sinc good chunk mayb miniatur certif complet complet project area award bootcamp certif complet segmentsproject thought,0.25,Positive
start journey today alex thank,0,Neutral
thank lot sir,0,Neutral
sir im confus pleas what differ data analyst data scienc,0,Neutral
thank much creat learn path realli need appli better job thank,0.35,Positive
there go lot competit go advanc stuff udemi coursera,0,Neutral
omg bruh fuck help man thank realli,-0.4,Negative
say thank much need peopl like,0.2,Positive
also watch gothamchess alex,0,Neutral
alex thank much put mani incred content togeth,0.2,Positive
thank alex,0,Neutral
alex thank everyth,0,Neutral
alex dont take wrong way go spend time weekend im gon na saturday im go sunday,-0.5,Negative
alex dont think understand brilliant thank much definit goal mine work toward data analyst youv save seriou cash,0.55,Positive
bro liter think today gon na get data analyt without resourc u r truli great work thank man youll hav huge part career develop,0.6,Positive
thank alex,0,Neutral
man chang live thousand peopl free truli bless individu thank hard work share knowledg year,0.081565657,Positive
dude amaz one thing would put right edg would sprinkl lesson new origin music along way sayin,0.211038961,Positive
thank much alex make playlist quit job fulli immers data analysi univers side,0.2,Positive
guy disturb whole industri bootcamp cost perspect alon qualiti perspect,0.2,Positive
thank alex seen one video year ago someth told look current googl coursera certif data analyt free time go watch video thank organ boot camp make much easier dont prior background stuff want learn someth new help,0.147272727,Positive
alexxxxx love definit ton us good,0.6,Positive
thank began journey complet bootcamp,0,Neutral
hi alex realli appreci free help us build career path even believ us give us mean learn without get debt wonder think still necessari go courseraudemi cours know probabl detail specif topic im full time student comput program hope help case work part time last semest im look priorit littl spare time get data analyst job time graduat april would definit complet bootcamp though thank amaz content,0.109375,Positive
haha amazingal video alreadi exist need playlist wonder idea,0.2,Positive
hero wear cape legend call alex nuff said,0,Neutral
wow alex amaz thank much,0.15,Positive
love man mentor toward becom data analyst,0.5,Positive
awesom thank sir,0,Neutral
thank,0,Neutral
thank content free would awesom would specifi number hour spent bootcamp certif,0.15,Positive
could spark joke ill get certif thank gather valuabl inform alex,-0.5,Negative
thank alex,0,Neutral
thank much alex realli amaz work youv creat thank share free im person grate opportun learn great content confid ill becom better analyt journey cheer alex,0.28,Positive
great vid alex your fav youtub tip strengthen analysi skill ive practic technic skill still troubl find new insight data,0.468181818,Positive
thank god,0,Neutral
thank especi free take lot work put thing togeth hope peopl enjoy person watch least one video everi week alway someth im look alreadi cover,0.166666667,Positive
man organis cours data analyt man youtub even udemi doesnt,0,Neutral
appreci much thank,0.2,Positive
oh alex thank enough help seen say lot thank thank thank one day hope abl tell person much idol,0.1,Positive
bootcamp excit see profession bootcamp mr alex,0,Neutral
thank alex,0,Neutral
thank much alex underprivileg peopl like grate given chanc chang live better roadtobecomeadataanalyst,0.278787879,Positive
hey alex pleas use free version tool use analysi process bootcamp,0.4,Positive
thank much creat your god work,0.2,Positive
great thank mr alex,0.8,Positive
thank,0,Neutral
big thumb pleas he best,0.5,Positive
thank booth camp,0,Neutral
fantast help solidifi current skill ad area thank wonder could also make video analyst mindset thing like problem solv framework attack new project problem outsid implement,0.068181818,Positive
thank much alex im almost done googl cert feel like would need experi perfect,0.6,Positive
hey alex bootcam help fresher get job,0,Neutral
thank,0,Neutral
amaz ive learn bloc week im super excit see dont think know much your help peopl like ill start master hope septemb im eager head start academ year begin bless alex wish even greater success,0.166666667,Positive
that awesom definit complet want point way issu digit bad certif legit commonli accept identifi busi organ,-0.7,Negative
word thank much help,0.2,Positive
haha great thank man,0.5,Positive
thank much make definit told coupl peopl look forward start soon,0.2,Positive
thank alex truli make world better place tri get data analyt need confid skill finish bootcamp even know excel powerbi sql,0.5,Positive
lucki one subscrib kudo alex thankyou much,0.2,Positive
thank much alex endeavor realli invalu believ mani peopl get priceless knowledg bootcamp,0.6,Positive
much math one know data analyst,0.2,Positive
u f kiddin ive came across bootcamp add data analyst minut ago couldnt sign cuz im unemploy rn reason ur video pop nd cover everi topic paid bootcamp im excit,0,Neutral
thank much take time creat free resourc beginn learn new career generos willing share knowledg make signific impact peopl live help reach full potenti contribut commun greatli appreci,0.245454545,Positive
alex analyst imagin much help given channel sit remot area pakistan becom googl certifi data analyst lot thank,0.2,Positive
thank resourc,0,Neutral
tqsm alex great job realli help us beggin data analysi field hat u,0.8,Positive
wow amaz thank much realli appreci readi delv,0.15,Positive
god will one day ador analyst ador name way deepli love nich content hope show analys data mysql start finish record date till present take love man energet smile,0.325,Positive
spent lot time procrastin doubt whether could im take sign univers take plung start data analyt journey thank alex your godsend,-0.1,Negative
thank much alex great servic,0.5,Positive
free serious lot commun would otherwis cost peopl much thank million take time put togeth aspir even continu analyst think would great revis well keep good work,0.353333333,Positive
amaz brother thank much,0.2,Positive
came across post linkedin one connect like grate fantast opportun stay tune thank amaz alex,0,Neutral
hello alex first sincer gratitud free cost wonder incas watch cours video randomli structur manner though come consider get certif,0.325,Positive
save livessssss thank alex,0,Neutral
thank put effort make cours free realli appreci,0.4,Positive
thank much,0.2,Positive
wow thank alex,0.1,Positive
kudo alex first free youtub data analyt bootcamp favourit analyst,0.325,Positive
help alex thank much free video provid inspir aspir skill data analyst futur make sure pass act kind forward may come back tenfold greet,0.375,Positive
lol congratul play love idea cant wait dive,0.65,Positive
thank alex great work,0.8,Positive
realli one stop channel da dreamer want make realiti dilig view video earn certif thank make effort video share knowledg,0,Neutral
thank much alex,0.2,Positive
excit got alert drop thank much alex ive done project alreadi ill start top playlist today,0.066666667,Positive
thank alex nownow analyst year old ladi africa super excit realli thank,0.216666667,Positive
truli amaz thank put much effort give us qualiti content much learn free im sure put lot time effort thank,0.325,Positive
cant wait lock boot camp im complet googl analyt cours feel like broad come softwar thank extens content,0.0625,Positive
thank much hard work realli want get data analyst lost much inform internet current studi googl data analyst certif coursera also learn bootcamp great thank,0.177083333,Positive
thank alex make move forward lot,0,Neutral
like univers answer prayer im definit go thank much,0.2,Positive
awesom serious excit one,-0.333333333,Negative
thank alex huge,0.4,Positive
thank sir think sure help understand other lot,0.1875,Positive
thank alex save unemploy brotherinlaw,0,Neutral
thank much,0.2,Positive
month sinc stumbl page two month bit confid use sql thank,0,Neutral
awesom alex thank lot creat use content,0,Neutral
time learn think creat commun interact learner alex,0,Neutral
thank alex work alway inspir believ hundr thousand subscrib well good job,0.7,Positive
thank alex,0,Neutral
awesom final wait thank alex ad mysql tutori bootcamp,0,Neutral
thank best way studi luch time,1,Positive
alex best alex analyst thank teacher,1,Positive
thank video playlist free yr old degre want learn video thank much,0.233333333,Positive
ive follow account forgot sub lol tri book mark video order take get career data analyt get nurs plu cert complet major plu thank everyth aspir data analyst much love,0.454166667,Positive
thank trust us,0,Neutral
thank came right time decid dive data analysi,0.285714286,Positive
sir respect thank lot student india,0,Neutral
true bless went back colleg chang career fundrais data analyt close finish line year half trip havent project show resum class fastpac take probabl degre much knowledg unemploy k debt school alon angel true angel donat famili land first job,0.163888889,Positive
thank alex found upcom bootcamp video youtub earn subscrib,0,Neutral
alex question content seen datacamp regard data analyst video long much longer like hour hour even couldnt cours long video multipl choic question answer see content short video even minut hardli hour realli wonder heart datacamp video made long unlik definit gon na check video follow along content bootcamp wan na make sure get profici short video lectur still need follow long video might line short video content realli need answer okay make sure bootcamp without make excus heheh thank,0.108333333,Positive
excel look forward ill finish googl data analyt cours first ill hop bootcamp mani thank alex,-0.25,Negative
thank,0,Neutral
great start journey honestli game changer,0.2,Positive
thank alex gift beginn spent much money cours bootcamp amaz idea,0.05,Positive
time thank alex video help mani peopl god bless,0,Neutral
thank alex start new direct banger awesom,0.118181818,Positive
hi alex want start project much difficulti instal softwar basic microsoft sql server wast day still success,0.166666667,Positive
thank much awesom,0.2,Positive
thank alex learnt know data analyt via channel cover practic close video portfolio cant wait finish remain earn certif,0,Neutral
thank put im look forward complet bootcamp earn certif im current way googl career certif data analyt hope keep learn thank,0,Neutral
thank alex,0,Neutral
hope get bless tenfold thank alex,0,Neutral
thank,0,Neutral
your hero truli thank,0,Neutral
thank alex certif part could improv mayb post project github repo way,0,Neutral
thank alex realli mean lot,-0.3125,Negative
thank alextheanalyst,0,Neutral
thank alex help,0,Neutral
final found mentor thank good im bless thank alex,0.35,Positive
alreadi portfolio websit web scrap projectwhich think tutori longer work amazon need learn im excit follow along cours,0,Neutral
thank much alex your great help us,0.5,Positive
thank alex,0,Neutral
alex thank much,0.2,Positive
amaz alex ive look ms train program data analyst found ok find video much help see ive dream work year famili life current job hold back kid older free time definit get bootcamp thank also thank inspir walk path lovefromsweden,0.211111111,Positive
thank much,0.2,Positive
thank alex,0,Neutral
thank much life chang,0.2,Positive
ur real alex analyst fan alreadi complet bootcamp,0.2,Positive
wow thank much ive studi nice certif go along free,0.325,Positive
actual dont know video premier show recommend thought sure hit notifi button im actual blown away thorough bootcamp creat peopl free free certif top im consid data analyt want googl cours get time im uni test water bootcamp creat seem amaz would love give go decid continu field great stuff,0.3875,Positive
wjat chess rate,0,Neutral
one appreci aspir data analyt thank much current enrol googl data analyt money subscrib certif grade section use free bootcamp get job use money expand skill continu learn googl data analyt coursera thank u much much appreci,0.2,Positive
thank much alex current make sql tableau portfolio resum finish make portfolio websit youtub video realli great beginn appreci work great day,0.45,Positive
give hope human thank alex,0,Neutral
word express gratitud want get data analyt overwhelm idea start im hope thank much,0.2,Positive
thank much alex sir im download video week back im learn practic pythonsql thank much love india,0.233333333,Positive
im start today thank alex complet playlist realli want brave bootcamp end wish luck,0.8,Positive
video beacon inspir anyon struggl pursu passion data analysi everi time feel frustrat word encourag bring back track thank amaz job keep content inform also engag,0,Neutral
thank free bootcamp boss alex,0.4,Positive
pleas let get alex million subscrib there way one person awesom,0,Neutral
hi alex kudo thank awesom bootcamp im great fan work feel great part thank make learn easier,0.8,Positive
hero need time thank much us,0.2,Positive
alex thank much make content free even make comprehens playlist quit becom unbear much money need spent get bootcamp dont even know result beginnerlow level analyst im gon na check playlist everi singl day bottom heart thank,0.175,Positive
thank alex,0,Neutral
thank enjoy sql seri,0.4,Positive
thank alex,0,Neutral
thank lot realli need,0,Neutral
thank lot alex im pretti sure help lot peopl aim becam data analyst grea job,0.5,Positive
thank lot alex sure great help person like start learn data scienc god bless,0.65,Positive
thank experi appreci time us beginn use cours strengthen knowledg da,0,Neutral
hi alex thank much im eager bootcamp,0.2,Positive
current follow playlist data analyst portfolio project good actual feel like someth meaning thank provid free load love india,0.32,Positive
mind blown realli feel like live futur hail alex,0.136363636,Positive
thank much cant wait get start,0.2,Positive
peopl comment earli way access unlist video earli,0,Neutral
alex best,1,Positive
check twitter page everyday god bless,-0.2,Negative
thank alex make proud,0.8,Positive
final mentor great thank alex,0.4,Positive
thank much alex,0.2,Positive
sometim simpl thank good enoughbut thank,0.7,Positive
alex thank million,0,Neutral
thank put togeth would realli help,0,Neutral
love content alex thought certif bit think cz everyon use even didnt take cours sort examin test least barrier,0.1,Positive
hat,0,Neutral
thank alex,0,Neutral
excit thank look forward start boot camp,0,Neutral
dear allah pleas bless man long life good health nice wife mani obedi piou children,0.416666667,Positive
messiah peopl want transit data analysi role content pure gold god bless,0.214285714,Positive
thank much,0.2,Positive
alex much mani thank much good work great work free remain bless im nigeria west africa much love,0.52,Positive
that awesom real,0.2,Positive
helloooo alex got right timeactu pay left join expens cours charolt risk spend save learn thank god found man ask allah bless guidanc that egypt,0.142857143,Positive
thank alex,0,Neutral
damn love thank alex,0.5,Positive
thank share great,0.8,Positive
would recommend make video make data analysi present playlist great,0.4,Positive
thank alex,0,Neutral
make video charg freelanc data analyst,0,Neutral
thank alex content chang lot live,0.136363636,Positive
wow great content playlist thx lot,0.45,Positive
alex video help much past bootcamp like gold peopl wont abl afford paid bootcamp god bless thank much,-0.025,Negative
excit alway come back video advis thank alway make easier happi continu new path,0.068181818,Positive
thank much alex,0.2,Positive
thank,0,Neutral
thank alex,0,Neutral
wow thank impress,0.1,Positive
make certif credli avail,0,Neutral
ye troubl updat resum data analysi descript thank,0,Neutral
inspir shift data analyt career may god bless thank much,0.2,Positive
great alex like ur contentthank,0.8,Positive
im happi alex thank much us,0.2,Positive
sincer appreci channel alex mentor channel give much inspir thank much,0.2,Positive
pump see learn bootcamp thank advanc alex your one main channel watch work transit data analyt,0.166666667,Positive
thank much alex,0.2,Positive
saw announc linkedin im excit check cours,0,Neutral
excit cant wait get coffe brew tomorrow morn dive bootcamp,0,Neutral
cant wait thank alex,0,Neutral
im edg seat,0,Neutral
best data analyst educ make bootcamp go,1,Positive
awesom alex,0,Neutral
great announc,0.8,Positive
would realli love attend work chanc post channel afterward,0.5,Positive
hey alex time zone air live,0.136363636,Positive
tearfuljoy answer prayer,0,Neutral
hi excit attend bootcamp,0,Neutral
thank lott advanc,0,Neutral
free,0.4,Positive
wow realli thank much alex im student financ want learn data analyst tool think field complement well video help lot greet colombia,0.15,Positive
look forward pleas tri make interact procastin like get push make end,0,Neutral
thank alex start busi analysi cours intend join tuesday pleas advis learn da get good technic skill ba career,0.7,Positive
thank god listen subscrib would miss thank alex,0,Neutral
experi da would great method prepar career also certif,0.8,Positive
announc made day eager get start complet cours follow coupl track still feel bit leagu da thank alex,0,Neutral
great alex thank appreci your great job,0.8,Positive
thank alot alex,0,Neutral
awesom thank much alex,0.2,Positive
hi alex realli help video sinc tri lunch free bootcamp pleas make good structur concis lead job readi market question offer afford student learn thing look structur bootcamp class complet packag exactli requir learn job readi thank,0.55,Positive
found cours also start googl da coursera gon na use video doubt clarif lear sinc start week ago,0,Neutral
video releas youtub channel anyth get access,0,Neutral
hello alex follow quit time know give best content regard data analyt glu seat learn thank commun,1,Positive
wait excit,0,Neutral
excit glad youv gone rout make free video,0.45,Positive
seriou free beginn like join bootcamp detail pleas,0.4,Positive
hello alex laid mani month ago da want next im excit eager learn thank,0,Neutral
pleas becom member,0,Neutral
hey alex realli appreci contribut data world excit join bootcamp,0,Neutral
day event watch record,0,Neutral
hi wont abl make boot camp due work boot camp upload later channel also realli appreci work current studi becom analyst clear lot doubt,-0.00625,Negative
want learn thank much suresh parajuli,0.2,Positive
alex found finish googl data analyt certif done video content help start use sql build differ thing tableau realli appreci time put content dont feel im readi start appli da role yet consid start journey jan feel im close content help tremend thank,0,Neutral
day seem far thank may heaven bless,0.1,Positive
thank alex,0,Neutral
thank god found use channel,0,Neutral
whoa,0,Neutral
thank alex cant wait,0,Neutral
cant wait hit k subscrib milli deserv sir help us grow mani thank,0,Neutral
cant wait powerbi st project immedi fell love,0.5,Positive
februari birthday think bootcamp best gift,1,Positive
folk man play chess almost accid im like video aggreg list youtub video doesnt premier almost week crazi,0,Neutral
cant wait alreadi look work im alway practic skillbuild,0,Neutral
thumbnail clickbait tableau powerbi excel free,0.4,Positive
alex sound awesom free ill feb bell,0.1,Positive
hi alex introduc job search look internship thank resourc provid certainli gon na good,0.7,Positive
thank alex invalu data commun,0,Neutral
sound awesom,0.4,Positive
love content finish cours way explain make secur,0.5,Positive
im realli look forward,0,Neutral
excit cant wait thank alex,0,Neutral
much need,0.2,Positive
readi would taken lot put togeth truli amaz,0,Neutral
hi alex realli appreci content make would like thank video realli chang live includ mine set possibl career path front us lost life,0.136363636,Positive
thank alex awesom,0,Neutral
eager join thank,0,Neutral
saw post linkedin final happen excit,0,Neutral
excit thank much,0.2,Positive
